"ID","Description","setSize","enrichmentScore","NES","pvalue","p.adjust","qvalue","rank","leading_edge","core_enrichment"
"REACTOME_INTERFERON_SIGNALING","REACTOME_INTERFERON_SIGNALING",126,0.681264781282648,2.09199016390672,1e-10,3.27666666666667e-08,2.36491228070175e-08,800,"tags=33%, list=13%, signal=30%","MX1/ISG15/IFIT3/OAS1/STAT1/GBP1/GBP2/OASL/UBA7/FKBP5/RIGI/PML/PTPN1/TRIM21/EIF4E/B2M/YBX1/ICAM1/IFIT2/EIF2S1/FCGR1A/EIF4G1/UBE2I/CAMK2D/KPNB1/KPNA2/HSPA2/IFIH1/HSPA5/STAT3/HSPA8/CAMK2B/RPS27A/MAPK3/UBE2L6/NCAM1/PTPN2/VCAM1/SPHK1/HSPA1B/PPM1B/UBB"
"REACTOME_NEUTROPHIL_DEGRANULATION","REACTOME_NEUTROPHIL_DEGRANULATION",309,0.557190561807448,1.81217338594003,1e-10,3.27666666666667e-08,2.36491228070175e-08,909,"tags=37%, list=14%, signal=33%","HP/GPI/PNP/RNASE3/CR1/PA2G4/S100A8/RETN/PKM/SELL/SERPINA3/TNFAIP6/SERPINB1/ELANE/PSMA2/PYGB/IDH1/BPI/FTL/TNFRSF1B/PYGL/S100A12/PRCP/CEACAM8/B2M/FGR/MVP/HSP90AA1/DEFA1/MPO/ALDOA/MMP8/CREG1/ALDOC/MAPK14/C3/S100A9/MNDA/CHI3L1/RHOA/SIGLEC5/CD177/HSP90AB1/GDI2/TXNDC5/FCGR2A/RAB31/CD55/LILRA3/CFP/KPNB1/LYZ/PIGR/CAND1/SIGLEC9/LCN2/PRTN3/VCP/PGM2/NME2/OLFM4/VAT1/CAP1/PRG3/RAB7A/GCA/PYCARD/GRN/PGAM1/SIGLEC14/LILRB2/TIMP2/A1BG/PLAUR/QSOX1/HSPA8/MMP9/CAB39/HMOX2/PSMB1/PPIA/ARG1/CTSG/PSMD11/IGF2R/RAB4B/AP2A2/BIN2/MLEC/GALNS/BST1/FCGR3B/CDA/EEF1A1/RAB14/CTSD/CD300A/PSMC3/HSPA1B/GNS/RAB27A/CD14/SERPINA1/CCT8/RAB24/RAB5B/RAB5C/ARHGAP45/RAB18/ACLY/TLR2/GGH/PADI2"
"REACTOME_CYTOKINE_SIGNALING_IN_IMMUNE_SYSTEM","REACTOME_CYTOKINE_SIGNALING_IN_IMMUNE_SYSTEM",493,0.523141602656203,1.74178354974972,1e-10,3.27666666666667e-08,2.36491228070175e-08,1175,"tags=30%, list=19%, signal=26%","MX1/ISG15/IFIT3/OAS1/TIFA/CXCL10/STAT1/MMP1/GBP1/SAA1/GBP2/OASL/IFNL3/UBA7/HMOX1/FKBP5/IL1RN/RIGI/PML/PSMB2/IL6/PSMA2/PTPN1/CASP3/MMP2/TRIM21/TNFRSF1B/S100A12/EIF4E/SERPINB2/B2M/IL17RA/HSP90AA1/LGALS9/YBX1/ICAM1/LYN/IFIT2/FN1/MAPK14/LBP/HSP90B1/PSME2/IL18R1/CCL2/MMP3/EIF2S1/FCGR1A/CFL1/LCP1/MAPK10/EIF4G1/H3C1/MAPKAPK3/IL1R2/UBE2I/CAMK2D/USP14/CDC42/HNRNPF/KPNB1/HNRNPA2B1/KPNA2/HSPA2/TALDO1/IFIH1/VIM/RALA/HSPA5/LCN2/PRTN3/CCL5/STAT3/GSTO1/SRC/PSMA7/SOD2/CAPZA1/HSPA8/MMP9/VAV1/CAMK2B/RPS27A/PSMB1/MAPK3/PPIA/CD27/YWHAZ/CTSG/IGHE/MTAP/CSK/PSMD11/CSH1/UBE2L6/IFNL1/NCAM1/PTPN2/MAP2K4/FCER2/VCAM1/CXCL8/AKT3/PSMC3/IL18BP/SPHK1/HSPA1B/NKIRAS1/PPM1B/GRB2/UBB/PSMB4/LCK/IL19/IL9/TIMP1/GBP5/STX3/IL1RAP/PSMA4/IL36A/EBI3/ANXA1/IL15RA/SNRPA1/LTBR/UBE2D2/HSPA9/NFKB1/IRF6/CCL19/STAT5A/EIF4A2/FLT3/PLCG1/ABL2/HERC5/TNFRSF1A/IL10/PSMD7/PTPRJ/P4HB/PTPN11/HMGB1/LTB/SHC1"
"REACTOME_COMPLEMENT_CASCADE","REACTOME_COMPLEMENT_CASCADE",49,0.794620836807196,2.1667016923283,3.30708659587204e-10,8.12716530935553e-08,5.86572727794145e-08,733,"tags=59%, list=12%, signal=53%","CRP/C1R/CFB/C5/SERPING1/CR1/C4BPA/C1S/C9/ELANE/C4B/C3/CFHR2/CFI/FCN2/C2/CD55/CFP/C6/FCN3/C7/CPN2/C1QC/VTN/CFH/CPN1/CFHR4/CFHR1/C8G"
"REACTOME_METABOLISM_OF_RNA","REACTOME_METABOLISM_OF_RNA",226,0.559164266419546,1.78381575750215,9.94009305621284e-09,1.95422229485144e-06,1.41044688839736e-06,1712,"tags=50%, list=27%, signal=38%","RPL5/NXT1/PSMB2/RPL12/PSMA2/SMN1/EIF4E/RPL30/YBX1/MAPK14/DDX39B/SRRT/TRA2B/SNRPA/GTF2F2/DCPS/EIF4G1/NUDT21/DIMT1/HNRNPF/HNRNPA2B1/RPL26L1/MAGOHB/HNRNPA1/PRPF19/SLBP/TSEN34/EMG1/RAN/NIP7/CNOT1/RPS20/DDX6/MAGOH/RPS25/PSMA7/RBM39/HSPA8/PPIH/YWHAB/RPS27A/PSMB1/YWHAZ/PSMD11/CNOT9/HSD17B10/RPS19/TRMT6/EDC4/RPL11/PPIL2/RPS3/TRMT112/RPLP2/POP7/PSMC3/RPP40/HNRNPD/NCBP1/PNPT1/UBB/GEMIN7/PSMB4/SNRPF/SF3B6/EXOSC5/THOC1/PSMA4/HNRNPK/SRSF7/RPP25/PUF60/SNRPA1/DDX1/SET/PCBP1/POLR2E/CSTF1/RPS4X/EIF4A2/RBM17/PSMD7/FBL/HNRNPM/MRM1/RPS14/EXOSC3/PPP2R1A/RPS12/RNGTT/MRM2/EIF4A1/SNRPD2/CCNH/EIF4B/YTHDC1/QTRT2/EXOSC8/EIF4A3/LSM4/HSPA1A/SNRPB2/SEC13/DUS2/SF1/RPS5/WDR18/HNRNPR/LSM3/RTRAF/MNAT1/PSMC5/PSMD6/PRPF6"
"REACTOME_INFECTIOUS_DISEASE","REACTOME_INFECTIOUS_DISEASE",456,0.487609135627173,1.61885821901698,1.72975088725851e-08,2.83390853695852e-06,2.0453545579162e-06,1050,"tags=30%, list=17%, signal=27%","ISG15/STAT1/ZBP1/RBBP4/NMI/HDAC2/RPL5/HMOX1/RIGI/PML/EED/PSMB2/IL6/RPL12/PSMA2/SMN1/H2AC1/IGHM/B2M/IL17RA/FGR/HSP90AA1/RPL30/APOBEC3G/LYN/MAPK14/C3/H2BC26/FKBP4/G3BP2/FCGR1A/HSP90AB1/GTF2F2/CREBBP/VAV3/FCGR2A/H3C1/H2AC11/UBE2I/ELMO2/PRMT1/CLTC/ST3GAL2/H2BC21/CDC42/H2AC25/KPNB1/RPN1/KPNA2/RPL26L1/IFIH1/HNRNPA1/PRKAR1A/CSNK2A1/SAP30/VCP/PSTPIP1/AGRN/GSK3A/RAB7A/RAN/PYCARD/PPP1CC/RANGAP1/RPS20/ARPC1B/ARPC3/SRC/RPS25/PSMA7/HSPA8/PPIH/YWHAB/VAV1/RPS27A/PSMB1/MAPK3/PPIA/YWHAZ/CTSG/IGF1R/H2BC12/PSMD11/SRPK1/UBE2L6/RPS19/ENO1/YWHAG/AP2A2/CLEC4M/TXNRD1/RPL11/EEF1A1/ARPC2/CHMP6/RPS3/MAP2K4/ENTPD1/GTF2E2/XRCC4/RPLP2/AKT3/PSMC3/PSIP1/ATP1B3/AP2B1/GRB2/NCBP1/UBB/HSPG2/GEMIN7/PSMB4/LCK/CD14/SNRPF/WASL/TBP/RAB5B/RCAN3/RAB5C/SFN/PSMA4/HNRNPK/TLR2/TRIM28/SERPINE1/MAP1LC3B/FXYD2/DOCK2/NFKB1/TLR1/POLR2E/PGK1/RPS4X/CSNK2A2/PLCG1"
"REACTOME_INTERFERON_ALPHA_BETA_SIGNALING","REACTOME_INTERFERON_ALPHA_BETA_SIGNALING",42,0.778072823658442,2.07278913383968,3.25261418752522e-08,3.99664968292161e-06,2.88455521367368e-06,344,"tags=24%, list=5%, signal=23%","MX1/ISG15/IFIT3/OAS1/STAT1/GBP2/OASL/PTPN1/IFIT2/KPNB1"
"REACTOME_VIRAL_INFECTION_PATHWAYS","REACTOME_VIRAL_INFECTION_PATHWAYS",357,0.511923452949139,1.68573557617838,2.99142107299234e-08,3.99664968292161e-06,2.88455521367368e-06,1049,"tags=31%, list=17%, signal=27%","ISG15/STAT1/ZBP1/RBBP4/NMI/HDAC2/RPL5/RIGI/PML/EED/PSMB2/RPL12/PSMA2/SMN1/H2AC1/IGHM/B2M/IL17RA/HSP90AA1/RPL30/APOBEC3G/H2BC26/FKBP4/G3BP2/HSP90AB1/GTF2F2/CREBBP/H3C1/H2AC11/UBE2I/PRMT1/CLTC/ST3GAL2/H2BC21/H2AC25/KPNB1/RPN1/KPNA2/RPL26L1/IFIH1/HNRNPA1/CSNK2A1/SAP30/VCP/AGRN/GSK3A/RAN/PYCARD/PPP1CC/RANGAP1/RPS20/RPS25/PSMA7/HSPA8/PPIH/YWHAB/VAV1/RPS27A/PSMB1/PPIA/YWHAZ/IGF1R/H2BC12/PSMD11/SRPK1/UBE2L6/RPS19/YWHAG/AP2A2/CLEC4M/RPL11/EEF1A1/CHMP6/RPS3/GTF2E2/XRCC4/RPLP2/AKT3/PSMC3/PSIP1/ATP1B3/AP2B1/GRB2/NCBP1/UBB/HSPG2/GEMIN7/PSMB4/LCK/CD14/SNRPF/TBP/RAB5B/RCAN3/RAB5C/SFN/PSMA4/HNRNPK/TLR2/TRIM28/SERPINE1/MAP1LC3B/FXYD2/DOCK2/NFKB1/TLR1/POLR2E/RPS4X/CSNK2A2"
"REACTOME_HEMOSTASIS","REACTOME_HEMOSTASIS",346,0.498733736544274,1.63741300813894,1.58509484992482e-07,1.73127581941789e-05,1.24953675888811e-05,1509,"tags=38%, list=24%, signal=31%","MMP1/ITIH4/SERPINB8/FGG/SERPING1/VWF/APOA1/HDAC2/SERPINF2/ECM1/SELL/SERPINA3/PTPN1/F5/PRCP/SERPINB2/CEACAM8/IGHM/SELE/FGR/SERPINA5/TMX3/PLEK/ALDOA/LYN/FN1/MAPK14/A2M/F13B/MANF/TF/ACTN1/RHOA/CYRIB/SERPINC1/CD177/F11/CFL1/VAV3/H3C1/CDC42/F10/APOH/ALB/EHD1/HSPA5/PRKAR1A/PRTN3/EHD3/CAP1/PRKCB/SERPIND1/A1BG/APOB/CD48/SRC/PLAUR/QSOX1/CAPZA1/ITIH3/VAV1/PLA2G4A/MAPK3/F8/PPIA/YWHAZ/ADAMTS13/CSK/MFN1/OLA1/PRKG1/LGALS3BP/F7/SERPINE2/F9/COL1A1/PPIL2/ACTN4/PIK3CG/ATP1B3/ITPK1/THBS1/GRB2/CDK2/LCK/SERPINA1/KLC1/TIMP1/SERPINA4/PFN1/PROC/PROS1/SERPINE1/RHOB/RAD51C/DOCK2/CXADR/ARRB1/PLCG1/KDM1A/PLAU/KNG1/PRKAR1B/PTPN11/PCYOX1L/SHC1/YES1/KLKB1/GP5/PPP2R1A/CD109/IGF1/PLAT/SYK/IRAG1/PECAM1/IGF2/NRAS/KIF23/SPARC/FYN/SIRPA/TGFB1/CD63/PDE11A/RAB5A/F2/CD2/TNFRSF10D/ATP1B1/PDE2A/CD36"
"REACTOME_INITIAL_TRIGGERING_OF_COMPLEMENT","REACTOME_INITIAL_TRIGGERING_OF_COMPLEMENT",20,0.876849268064732,2.00973891854293,2.12203050381073e-07,2.08595598524595e-05,1.50552479954572e-05,466,"tags=55%, list=7%, signal=51%","CRP/C1R/CFB/C1S/C4B/C3/FCN2/C2/CFP/FCN3/C1QC"
"REACTOME_DIGESTION","REACTOME_DIGESTION",14,-0.907069607699547,-2.16811213195351,7.26751469820518e-07,5.95330579027975e-05,4.29675868999149e-05,101,"tags=43%, list=2%, signal=42%","PNLIP/PIR/AMY2A/AMY1A/AMY2B/CEL"
"REACTOME_DIGESTION_AND_ABSORPTION","REACTOME_DIGESTION_AND_ABSORPTION",14,-0.907069607699547,-2.16811213195351,7.26751469820518e-07,5.95330579027975e-05,4.29675868999149e-05,101,"tags=43%, list=2%, signal=42%","PNLIP/PIR/AMY2A/AMY1A/AMY2B/CEL"
"REACTOME_INTERFERON_GAMMA_SIGNALING","REACTOME_INTERFERON_GAMMA_SIGNALING",43,0.744279548044353,1.98425064793865,1.20189654531352e-06,9.0881869541784e-05,6.55933823110375e-05,749,"tags=42%, list=12%, signal=37%","OAS1/STAT1/GBP1/GBP2/OASL/PML/PTPN1/TRIM21/B2M/YBX1/ICAM1/FCGR1A/CAMK2D/CAMK2B/MAPK3/NCAM1/PTPN2/VCAM1"
"REACTOME_DEVELOPMENTAL_LINEAGE_OF_PANCREATIC_ACINAR_CELLS","REACTOME_DEVELOPMENTAL_LINEAGE_OF_PANCREATIC_ACINAR_CELLS",19,-0.86312155044554,-2.23397724134682,1.40186022696296e-06,9.84306145074705e-05,7.1041638569401e-05,329,"tags=47%, list=5%, signal=45%","SOX9/CPB1/PLA2G1B/REG1A/PNLIP/PRSS1/AMY2A/CEL/RNASE1"
"REACTOME_PLATELET_ACTIVATION_SIGNALING_AND_AGGREGATION","REACTOME_PLATELET_ACTIVATION_SIGNALING_AND_AGGREGATION",158,0.560746166386833,1.75335624663987,1.73381964884876e-06,0.000113622980987888,8.20066276016885e-05,961,"tags=35%, list=15%, signal=31%","ITIH4/FGG/SERPING1/VWF/APOA1/SERPINF2/ECM1/SERPINA3/PTPN1/F5/TMX3/PLEK/ALDOA/LYN/FN1/MAPK14/A2M/MANF/TF/ACTN1/RHOA/CYRIB/CFL1/VAV3/CDC42/APOH/ALB/HSPA5/CAP1/PRKCB/A1BG/SRC/QSOX1/ITIH3/VAV1/PLA2G4A/MAPK3/F8/PPIA/YWHAZ/CSK/OLA1/LGALS3BP/COL1A1/ACTN4/PIK3CG/THBS1/GRB2/LCK/SERPINA1/TIMP1/SERPINA4/PFN1/PROS1/SERPINE1/RHOB"
"REACTOME_ANTIVIRAL_MECHANISM_BY_IFN_STIMULATED_GENES","REACTOME_ANTIVIRAL_MECHANISM_BY_IFN_STIMULATED_GENES",66,0.679774013767617,1.93931660540326,2.67044806634504e-06,0.000164065653076073,0.000118413289257668,800,"tags=36%, list=13%, signal=32%","MX1/ISG15/OAS1/STAT1/OASL/UBA7/RIGI/EIF4E/EIF2S1/EIF4G1/UBE2I/KPNB1/KPNA2/HSPA2/STAT3/HSPA8/RPS27A/MAPK3/UBE2L6/PTPN2/SPHK1/HSPA1B/PPM1B/UBB"
"REACTOME_CELLULAR_RESPONSES_TO_STIMULI","REACTOME_CELLULAR_RESPONSES_TO_STIMULI",390,0.468965277338603,1.54966754713215,3.33351518674526e-06,0.000192755613445329,0.000139120076524229,1275,"tags=33%, list=20%, signal=28%","STAT1/RBBP4/PGD/APOA1/RPL5/HMOX1/FKBP5/EED/PSMB2/IL6/RPL12/PSMA2/DNAJB11/PTPN1/IDH1/NQO1/NOTCH1/TRIM21/HSP90AA1/RPL30/FN1/MAPK14/HSP90B1/H2BC26/GSR/CCL2/FKBP4/EIF2S1/HSP90AB1/CREBBP/MAPK10/H3C1/PDIA6/MAPKAPK3/CAMK2D/G6PD/H2BC21/PDIA5/EGLN2/HSPA2/TALDO1/RPL26L1/ALB/HSPA5/LONP1/PRKAR1A/CSNK2A1/VCP/STIP1/STAT3/GSK3A/GFPT1/RPS20/APOB/RPS25/PSMA7/SOD2/CAPZA1/HSPA8/ATP6V1C2/HMOX2/CAMK2B/RPS27A/PSMB1/MAPK3/H2BC12/PSMD11/PPARA/RPS19/ERO1A/HYOU1/TXNRD1/RPL11/CDH5/EEF1A1/NCF1/GCLM/RPS3/PGR/MAP2K4/SIRT1/CAPNS1/RPLP2/CXCL8/AKT3/PSMC3/HSPA1B/CDK2/HSPA12A/UBB/HSPG2/PSMB4/EXOSC5/PSMA4/TKT/ARNT/BLVRB/MAP1LC3B/UBE2D2/HSPA9/NFKB1/BLVRA/RPS4X/MRE11/CSNK2A2/CASTOR1/SKP2/EHMT2/CDKN2D/PSMD7/PRDX6/PRKAR1B/AGO3/P4HB/RPS14/SPP1/ACADVL/SHC1/AGO1/EXOSC3/EIF2AK4/PPP2R1A/GRB10/RPS12/CAMK2A/STOML2/FLT4"
"REACTOME_CHROMATIN_ORGANIZATION","REACTOME_CHROMATIN_ORGANIZATION",70,0.658302565849741,1.89492988642287,3.68256628539178e-06,0.000201109036585562,0.000145149103880354,1440,"tags=50%, list=23%, signal=39%","RBBP4/HDAC2/EED/RBBP5/H2AC1/WDR5/H2BC26/PADI4/BCL7A/CREBBP/H3C1/H2AC11/PRMT1/H2BC21/H2AC25/PADI1/SAP30/RIOX2/H2BC12/ARID1A/PBRM1/JMJD6/MORF4L2/PADI2/NFKB1/KDM1A/EHMT2/TADA3/SETD3/HAT1/KDM4C/NCOA2/KAT2A/HDAC8/EZH2"
"REACTOME_SIGNALING_BY_INTERLEUKINS","REACTOME_SIGNALING_BY_INTERLEUKINS",328,0.480910762030853,1.57144622090832,4.81848056720382e-06,0.000249292968292703,0.000179925534753206,1033,"tags=27%, list=16%, signal=24%","TIFA/CXCL10/STAT1/MMP1/SAA1/IFNL3/HMOX1/IL1RN/PSMB2/IL6/PSMA2/CASP3/MMP2/TNFRSF1B/S100A12/SERPINB2/IL17RA/HSP90AA1/LGALS9/ICAM1/LYN/FN1/MAPK14/LBP/HSP90B1/PSME2/IL18R1/CCL2/MMP3/CFL1/LCP1/MAPK10/H3C1/MAPKAPK3/IL1R2/USP14/CDC42/HNRNPF/HNRNPA2B1/TALDO1/VIM/RALA/LCN2/PRTN3/CCL5/STAT3/GSTO1/PSMA7/SOD2/CAPZA1/HSPA8/MMP9/VAV1/RPS27A/PSMB1/MAPK3/PPIA/YWHAZ/CTSG/IGHE/MTAP/PSMD11/IFNL1/PTPN2/MAP2K4/FCER2/VCAM1/CXCL8/PSMC3/IL18BP/NKIRAS1/GRB2/UBB/PSMB4/LCK/IL19/IL9/TIMP1/STX3/IL1RAP/PSMA4/IL36A/EBI3/ANXA1/IL15RA/SNRPA1/HSPA9/NFKB1/CCL19/STAT5A"
"REACTOME_RNA_POLYMERASE_II_TRANSCRIPTION","REACTOME_RNA_POLYMERASE_II_TRANSCRIPTION",453,0.454858611641956,1.51011853239144,8.68361861908007e-06,0.000426799855127785,0.000308039944697893,1515,"tags=31%, list=24%, signal=26%","STAT1/APOE/RBBP4/GPI/CR1/HDAC2/PCNA/FKBP5/RETN/PML/EED/PSMB2/IL6/PSMA2/PTPN1/NOTCH1/RBBP5/YBX1/WDR5/MAPK14/DDX39B/H2BC26/SRRT/GSR/SPI1/SERPINB13/GTF2F2/CREBBP/H3C1/UBE2I/NUDT21/CAMK2D/PRMT1/G6PD/H2BC21/MAGOHB/CSNK2A1/SLBP/PRKCB/RAD1/CNOT1/SRC/MAGOH/PSMA7/SOD2/YWHAB/CAMK2B/RPS27A/PSMB1/MAPK3/PRDM1/YWHAZ/H2BC12/PSMD11/HES1/ARID1A/PPARA/NAMPT/CNOT9/YWHAG/TXNRD1/COL1A1/NABP1/PBRM1/KIT/PGR/SIRT1/GTF2E2/NRBF2/AKT3/PSMC3/THBS1/NCBP1/CDK2/UBB/PSMB4/SNRPF/TBP/SSU72/SFN/THOC1/CHEK1/PSMA4/CHEK2/SRSF7/TRIM28/ARNT/SERPINE1/IGFBP3/NPY/NFKB1/RUNX3/POLR2E/CSTF1/MRE11/CSNK2A2/DLL1/SKP2/EHMT2/CBX3/PSMD7/TAF8/AGO3/PTEN/APAF1/PTPN11/LGALS3/SPP1/AGO1/YES1/SST/PPP2R1A/RNGTT/CAMK2A/GTF2A2/RAD51/SMURF2/MYL9/HNF4A/CAT/CCNA2/CDK5R1/AGO2/ZNF18/CSF1R/KAT2A/TGFB1/ANAPC10/GEM/HDAC8/EZH2/CCNH/TBX5/MMP13/FAS/FOXP3/TNFRSF10D/AURKB/CDK8/IL2RA/EIF4A3"
"REACTOME_RRNA_PROCESSING","REACTOME_RRNA_PROCESSING",45,0.71113553746688,1.91237747866202,1.0590276095448e-05,0.000495725781039303,0.000357786771344959,1273,"tags=58%, list=20%, signal=47%","RPL5/RPL12/RPL30/DIMT1/RPL26L1/EMG1/NIP7/RPS20/RPS25/RPS27A/HSD17B10/RPS19/RPL11/RPS3/TRMT112/RPLP2/RPP40/EXOSC5/RPP25/RPS4X/FBL/MRM1/RPS14/EXOSC3/RPS12/MRM2"
"REACTOME_NONSENSE_MEDIATED_DECAY_NMD","REACTOME_NONSENSE_MEDIATED_DECAY_NMD",29,0.756065413597407,1.87669281108586,1.64016543477625e-05,0.000732855737447752,0.000528933733511576,1234,"tags=66%, list=19%, signal=53%","RPL5/RPL12/RPL30/EIF4G1/RPL26L1/MAGOHB/RPS20/MAGOH/RPS25/RPS27A/RPS19/RPL11/RPS3/RPLP2/NCBP1/RPS4X/RPS14/PPP2R1A/RPS12"
"REACTOME_ISG15_ANTIVIRAL_MECHANISM","REACTOME_ISG15_ANTIVIRAL_MECHANISM",34,0.736361298545647,1.87964301664021,1.74571199337467e-05,0.000746102125864044,0.000538494225873926,1089,"tags=50%, list=17%, signal=42%","MX1/ISG15/STAT1/UBA7/RIGI/EIF4E/EIF4G1/KPNB1/KPNA2/RPS27A/MAPK3/UBE2L6/PPM1B/UBB/EIF4A2/PLCG1/HERC5"
"REACTOME_INFLUENZA_INFECTION","REACTOME_INFLUENZA_INFECTION",46,0.691058648506944,1.86748689730837,1.89992324696155e-05,0.000778176896568,0.000561643977391264,751,"tags=39%, list=12%, signal=35%","ISG15/RPL5/RPL12/HSP90AA1/RPL30/GTF2F2/CLTC/KPNB1/KPNA2/RPL26L1/RAN/RPS20/RPS25/RPS27A/RPS19/RPL11/RPS3/RPLP2"
"REACTOME_TRANSLATION","REACTOME_TRANSLATION",96,0.592812704254207,1.77145939196688,2.12281042423205e-05,0.000834689058808042,0.000602431253024169,1278,"tags=41%, list=20%, signal=33%","RPL5/RPL12/WARS1/YARS1/EIF4E/PPA1/RPL30/GARS1/TARS1/EIF2S1/HARS1/EEF1D/EIF4G1/KARS1/RPN1/RPL26L1/AARS1/RPS20/RPS25/DARS1/RPS27A/MRPL32/RPS19/RPL11/EEF1A1/RPS3/TRMT112/RPLP2/NARS1/RPS4X/EIF4A2/DARS2/EIF3G/RPS14/EEF1E1/RPS12/SRP19/EEF1G/AIMP1"
"REACTOME_FORMATION_OF_FIBRIN_CLOT_CLOTTING_CASCADE","REACTOME_FORMATION_OF_FIBRIN_CLOT_CLOTTING_CASCADE",33,0.741246487549857,1.8893457173786,2.58825232712828e-05,0.000978558475987345,0.000706268043920834,1192,"tags=70%, list=19%, signal=57%","FGG/SERPING1/VWF/F5/PRCP/SERPINA5/A2M/F13B/SERPINC1/CD177/F11/F10/PRTN3/SERPIND1/F8/F7/SERPINE2/F9/PROC/PROS1/KNG1/KLKB1/GP5"
"REACTOME_SELENOAMINO_ACID_METABOLISM","REACTOME_SELENOAMINO_ACID_METABOLISM",39,0.703547429098816,1.84370515362937,3.26247411203193e-05,0.00118778224152866,0.000857273899223985,1278,"tags=62%, list=20%, signal=49%","RPL5/PAPSS1/RPL12/RPL30/GSR/KARS1/RPL26L1/AHCY/RPS20/RPS25/DARS1/RPS27A/RPS19/TXNRD1/RPL11/RPS3/RPLP2/MAT1A/RPS4X/NNMT/RPS14/EEF1E1/RPS12/AIMP1"
"REACTOME_SARS_COV_INFECTIONS","REACTOME_SARS_COV_INFECTIONS",213,0.492366913673116,1.56558317127036,4.52494727217162e-05,0.00158857970305168,0.00114654679001642,1035,"tags=29%, list=16%, signal=25%","ISG15/STAT1/ZBP1/RBBP4/NMI/HDAC2/RIGI/SMN1/IGHM/B2M/IL17RA/HSP90AA1/FKBP4/G3BP2/HSP90AB1/CREBBP/UBE2I/PRMT1/ST3GAL2/KPNB1/RPN1/KPNA2/IFIH1/HNRNPA1/SAP30/VCP/AGRN/GSK3A/PYCARD/RPS20/RPS25/PPIH/YWHAB/VAV1/RPS27A/PPIA/YWHAZ/SRPK1/RPS19/YWHAG/AP2A2/EEF1A1/CHMP6/RPS3/AKT3/ATP1B3/AP2B1/GRB2/UBB/HSPG2/GEMIN7/SNRPF/RCAN3/SFN/TLR2/SERPINE1/MAP1LC3B/FXYD2/NFKB1/TLR1/RPS4X"
"REACTOME_RESPONSE_TO_ELEVATED_PLATELET_CYTOSOLIC_CA2","REACTOME_RESPONSE_TO_ELEVATED_PLATELET_CYTOSOLIC_CA2",101,0.575017501009403,1.71870373884492,4.69900869585233e-05,0.00159280191311133,0.0011495941419254,925,"tags=39%, list=15%, signal=34%","ITIH4/FGG/SERPING1/VWF/APOA1/SERPINF2/ECM1/SERPINA3/F5/TMX3/PLEK/ALDOA/FN1/A2M/MANF/TF/ACTN1/CYRIB/CFL1/APOH/ALB/HSPA5/CAP1/PRKCB/A1BG/QSOX1/ITIH3/F8/PPIA/OLA1/LGALS3BP/ACTN4/THBS1/SERPINA1/TIMP1/SERPINA4/PFN1/PROS1/SERPINE1"
"REACTOME_REGULATION_OF_ENDOGENOUS_RETROELEMENTS_BY_PIWI_INTERACTING_RNAS_PIRNAS","REACTOME_REGULATION_OF_ENDOGENOUS_RETROELEMENTS_BY_PIWI_INTERACTING_RNAS_PIRNAS",11,0.883972524646159,1.80175983223072,7.09713937298966e-05,0.00232549600121628,0.00167841120610352,607,"tags=73%, list=10%, signal=66%","RBBP4/HDAC2/H2BC26/BCL7A/H3C1/H2BC21/H2BC12/ARID1A"
"REACTOME_SARS_COV_2_HOST_INTERACTIONS","REACTOME_SARS_COV_2_HOST_INTERACTIONS",89,0.593095089383563,1.74921313038775,8.68078803949989e-05,0.00275264988478335,0.00198670666846279,1163,"tags=35%, list=18%, signal=29%","ISG15/STAT1/RIGI/SMN1/B2M/IL17RA/HSP90AA1/G3BP2/HSP90AB1/CREBBP/KPNA2/IFIH1/RPS20/RPS25/YWHAB/RPS27A/YWHAZ/RPS19/YWHAG/RPS3/AKT3/UBB/GEMIN7/SNRPF/SFN/TLR2/MAP1LC3B/TLR1/RPS4X/PTPN11/RPS14"
"REACTOME_DISEASES_OF_SIGNAL_TRANSDUCTION_BY_GROWTH_FACTOR_RECEPTORS_AND_SECOND_MESSENGERS","REACTOME_DISEASES_OF_SIGNAL_TRANSDUCTION_BY_GROWTH_FACTOR_RECEPTORS_AND_SECOND_MESSENGERS",270,0.475363065937411,1.53187428804887,0.000108946428641894,0.00334669810484318,0.00241545700344199,1454,"tags=30%, list=23%, signal=24%","GZMB/STAT1/FGG/VWF/HDAC2/PAPSS1/PSMB2/PSMA2/NOTCH1/HSP90AA1/LYN/FN1/GTF2F2/CREBBP/CAMK2D/CLTC/PRKAR1A/VCP/STAT3/GSK3A/PPP1CC/RRBP1/SRC/PSMA7/YWHAB/VAV1/CAMK2B/RPS27A/PSMB1/MAPK3/ATIC/CSK/PSMD11/HES1/BIN2/FGFR1/KIT/AKT3/PSMC3/PIK3CG/PPM1B/GRB2/NCBP1/UBB/PSMB4/LCK/KLC1/PSMA4/KITLG/ERLEC1/POLR2E/TPM4/STAT5A/WDR48/FLT3/ARRB1/PLCG1/DLL1/KREMEN2/ZAP70/SND1/IL10/PSMD7/AGO3/PTEN/PTPN11/SHC1/AGO1/YES1/PPP2R1A/HES5/EEF1G/CAMK2A/AGO2/NRAS/FYN/IL22/CEP43/KAT2A/TGFB1/HDAC8/KDR"
"REACTOME_DDX58_IFIH1_MEDIATED_INDUCTION_OF_INTERFERON_ALPHA_BETA","REACTOME_DDX58_IFIH1_MEDIATED_INDUCTION_OF_INTERFERON_ALPHA_BETA",57,0.639440117885628,1.79182573463042,0.000143167759156386,0.00426466385608265,0.00307799265299535,1162,"tags=33%, list=18%, signal=27%","ISG15/SAA1/UBA7/DHX58/RIGI/S100A12/HSP90AA1/HSP90AB1/CREBBP/IFIH1/CYLD/RPS27A/UBE2L6/NKIRAS1/UBB/UBE2D2/NFKB1/HERC5/HMGB1"
"REACTOME_HDACS_DEACETYLATE_HISTONES","REACTOME_HDACS_DEACETYLATE_HISTONES",16,0.821957928427026,1.8211505438449,0.000163966705623977,0.00457484984642273,0.00330186731968616,591,"tags=62%, list=9%, signal=57%","RBBP4/HDAC2/H2AC1/H2BC26/H3C1/H2AC11/H2BC21/H2AC25/SAP30/H2BC12"
"REACTOME_CREATION_OF_C4_AND_C2_ACTIVATORS","REACTOME_CREATION_OF_C4_AND_C2_ACTIVATORS",13,0.864711677868568,1.81835148569202,0.000180686291485896,0.00457484984642273,0.00330186731968616,466,"tags=46%, list=7%, signal=43%","CRP/C1R/C1S/FCN2/FCN3/C1QC"
"REACTOME_EUKARYOTIC_TRANSLATION_ELONGATION","REACTOME_EUKARYOTIC_TRANSLATION_ELONGATION",24,0.760585630381088,1.81780469456383,0.000166498878568131,0.00457484984642273,0.00330186731968616,1260,"tags=71%, list=20%, signal=57%","RPL5/RPL12/RPL30/EEF1D/RPL26L1/RPS20/RPS25/RPS27A/RPS19/RPL11/EEF1A1/RPS3/RPLP2/RPS4X/RPS14/RPS12/EEF1G"
"REACTOME_TRANSCRIPTIONAL_REGULATION_OF_GRANULOPOIESIS","REACTOME_TRANSCRIPTIONAL_REGULATION_OF_GRANULOPOIESIS",20,0.78762365111298,1.80523376417961,0.0001757180721831,0.00457484984642273,0.00330186731968616,796,"tags=40%, list=13%, signal=35%","PML/H2BC26/SPI1/H3C1/H2BC21/STAT3/H2BC12/CDK2"
"REACTOME_REGULATION_OF_EXPRESSION_OF_SLITS_AND_ROBOS","REACTOME_REGULATION_OF_EXPRESSION_OF_SLITS_AND_ROBOS",57,0.634581082346063,1.77820984679081,0.000181504724323994,0.00457484984642273,0.00330186731968616,1234,"tags=49%, list=19%, signal=40%","RPL5/PSMB2/RPL12/PSMA2/RPL30/EIF4G1/RPL26L1/MAGOHB/RPS20/MAGOH/RPS25/PSMA7/RPS27A/PSMB1/PSMD11/RPS19/RPL11/RPS3/RPLP2/PSMC3/NCBP1/UBB/PSMB4/PSMA4/RPS4X/PSMD7/RPS14/RPS12"
"REACTOME_SARS_COV_1_INFECTION","REACTOME_SARS_COV_1_INFECTION",81,0.58537640441451,1.70539866608818,0.00017447141625644,0.00457484984642273,0.00330186731968616,1241,"tags=42%, list=20%, signal=34%","NMI/RIGI/UBE2I/ST3GAL2/KPNB1/KPNA2/IFIH1/HNRNPA1/VCP/GSK3A/PYCARD/RPS20/RPS25/PPIH/YWHAB/RPS27A/PPIA/YWHAZ/RPS19/YWHAG/EEF1A1/CHMP6/RPS3/UBB/RCAN3/SFN/SERPINE1/MAP1LC3B/NFKB1/RPS4X/RPS14/GALNT1/RPS12/ST6GAL1"
"REACTOME_INTRINSIC_PATHWAY_OF_FIBRIN_CLOT_FORMATION","REACTOME_INTRINSIC_PATHWAY_OF_FIBRIN_CLOT_FORMATION",21,0.780200264868227,1.81623014118168,0.000218225253001354,0.00536288559250827,0.00387062685586612,1192,"tags=81%, list=19%, signal=66%","SERPING1/VWF/PRCP/SERPINA5/A2M/SERPINC1/F11/F10/SERPIND1/F8/SERPINE2/F9/PROC/PROS1/KNG1/KLKB1/GP5"
"REACTOME_SRP_DEPENDENT_COTRANSLATIONAL_PROTEIN_TARGETING_TO_MEMBRANE","REACTOME_SRP_DEPENDENT_COTRANSLATIONAL_PROTEIN_TARGETING_TO_MEMBRANE",30,0.710738044171777,1.77174400969917,0.00027190406589879,0.00651906577508563,0.00470509218012284,1249,"tags=53%, list=20%, signal=43%","RPL5/RPL12/RPL30/RPN1/RPL26L1/RPS20/RPS25/RPS27A/RPS19/RPL11/RPS3/RPLP2/RPS4X/RPS14/RPS12/SRP19"
"REACTOME_PLASMA_LIPOPROTEIN_ASSEMBLY_REMODELING_AND_CLEARANCE","REACTOME_PLASMA_LIPOPROTEIN_ASSEMBLY_REMODELING_AND_CLEARANCE",42,0.656104310313305,1.74786452338527,0.00032405977703254,0.00758454192435682,0.00547409247418375,1016,"tags=45%, list=16%, signal=38%","APOE/APOA1/APOA4/PCSK9/A2M/CLTC/ALB/LPL/APOC1/APOB/ANGPTL3/RPS27A/CETP/AP2A2/APOF/AP2B1/UBB/ANGPTL4/APOC3"
"REACTOME_BINDING_AND_UPTAKE_OF_LIGANDS_BY_SCAVENGER_RECEPTORS","REACTOME_BINDING_AND_UPTAKE_OF_LIGANDS_BY_SCAVENGER_RECEPTORS",35,0.694231621086723,1.78314550010742,0.000355974795232584,0.00795421647768542,0.0057409026138673,666,"tags=46%, list=10%, signal=41%","HP/COL3A1/SAA1/APOE/HPX/APOL1/APOA1/FTL/AMBP/HSP90AA1/HSP90B1/ALB/SCARF1/APOB/HYOU1/COL1A1"
"REACTOME_INTERLEUKIN_4_AND_INTERLEUKIN_13_SIGNALING","REACTOME_INTERLEUKIN_4_AND_INTERLEUKIN_13_SIGNALING",84,0.569511685021874,1.66595912510466,0.000364129950657013,0.00795421647768542,0.0057409026138673,759,"tags=27%, list=12%, signal=24%","STAT1/MMP1/SAA1/HMOX1/IL6/MMP2/TNFRSF1B/HSP90AA1/ICAM1/FN1/LBP/HSP90B1/CCL2/MMP3/VIM/LCN2/STAT3/HSPA8/MMP9/IGHE/FCER2/VCAM1/CXCL8"
"REACTOME_ADAPTIVE_IMMUNE_SYSTEM","REACTOME_ADAPTIVE_IMMUNE_SYSTEM",396,0.430511487029963,1.42247741692855,0.000363325244015792,0.00795421647768542,0.0057409026138673,1293,"tags=29%, list=20%, signal=24%","COL3A1/FGG/DTX3L/S100A8/UBA7/SELL/PSMB2/PSMA2/LILRA5/UBA1/TRIM21/LILRB1/IGHM/ERAP1/B2M/LILRA1/ICAM1/UBA6/LYN/OSBPL1A/C3/PSME2/S100A9/FCGR1A/SIGLEC5/LILRA3/CLTC/CDC42/PSMB10/PDIA3/HSPA5/TREML2/SIGLEC9/LILRA6/SH2D1A/RAB7A/PRKCB/LILRB2/SIGLEC7/SRC/ITGB7/PSMA7/CAPZA1/YWHAB/VAV1/RPS27A/PSMB1/PPIA/YWHAZ/HECW2/CSK/PSMD11/PRKG1/UBE2L6/UBE2D4/AP2A2/CD8A/COL1A1/DAPP1/NCF1/CTSD/CD300A/VCAM1/AKT3/PSMC3/PIK3CG/AP2B1/GRB2/UBB/PSMB4/LCK/LILRA2/CD14/HERC1/KLC1/CD300C/MADCAM1/PSMA4/TLR2/ICOSLG/UBE2D2/NFKB1/TLR1/COL2A1/CXADR/MRC2/PPP3R1/PLCG1/PSME1/ZAP70/SKP2/HERC5/RNF41/PSMD7/PTPRJ/KLHL2/PTEN/CLEC4G/PTPN11/HMGB1/LRSAM1/YES1/UBE2W/PPP2R1A/CD300E/PSMB9/UBE2R2/UBE3A/SIGLEC12/KIR2DS2/UBE2G1/SYK/SMURF2"
"REACTOME_SARS_COV_2_ACTIVATES_MODULATES_INNATE_AND_ADAPTIVE_IMMUNE_RESPONSES","REACTOME_SARS_COV_2_ACTIVATES_MODULATES_INNATE_AND_ADAPTIVE_IMMUNE_RESPONSES",54,0.620269933136232,1.71305547977436,0.000421574573318206,0.00900886533851732,0.00650208838481627,370,"tags=20%, list=6%, signal=19%","ISG15/STAT1/RIGI/B2M/IL17RA/HSP90AA1/G3BP2/HSP90AB1/CREBBP/KPNA2/IFIH1"
"REACTOME_CIRCADIAN_CLOCK","REACTOME_CIRCADIAN_CLOCK",51,0.628489536701743,1.72171349287618,0.000450026527652726,0.00921616826422145,0.00665170788679687,1115,"tags=41%, list=18%, signal=34%","PSMB2/PSMA2/CREBBP/CSNK2A1/PPP1CC/PSMA7/RPS27A/PSMB1/PSMD11/PPARA/NAMPT/F7/SIRT1/RBM4/PSMC3/UBB/PSMB4/PSMA4/SERPINE1/CSNK2A2/PSMD7"
"REACTOME_SIGNALING_BY_ROBO_RECEPTORS","REACTOME_SIGNALING_BY_ROBO_RECEPTORS",88,0.557308590775497,1.63866697297465,0.000448255027349797,0.00921616826422145,0.00665170788679687,1163,"tags=39%, list=18%, signal=32%","RPL5/PSMB2/RPL12/PSMA2/RPL30/RHOA/EIF4G1/CDC42/RPL26L1/MAGOHB/CAP1/RPS20/SRC/MAGOH/RPS25/PSMA7/RPS27A/PSMB1/PSMD11/RPS19/RPL11/RPS3/RPLP2/PSMC3/NCBP1/UBB/PSMB4/PFN1/PSMA4/RPS4X/ABL2/SLIT3/PSMD7/RPS14"
"REACTOME_CYTOSOLIC_TRNA_AMINOACYLATION","REACTOME_CYTOSOLIC_TRNA_AMINOACYLATION",17,0.779462905653746,1.74296854257887,0.000461385220292421,0.00925595248056021,0.00668042187920713,792,"tags=59%, list=12%, signal=52%","WARS1/YARS1/PPA1/GARS1/TARS1/HARS1/KARS1/AARS1/DARS1/NARS1"
"REACTOME_UB_SPECIFIC_PROCESSING_PROTEASES","REACTOME_UB_SPECIFIC_PROCESSING_PROTEASES",95,0.557543025222097,1.6590793815762,0.000547266214011505,0.0107592537674662,0.00776541954197378,1141,"tags=33%, list=18%, signal=27%","RIGI/PSMB2/PSMA2/IDE/H2AC1/H2BC26/H2AC11/USP14/H2BC21/H2AC25/IFIH1/CYLD/PSMA7/RPS27A/RHOT1/PSMB1/H2BC12/PSMD11/PSMC3/UBB/PSMB4/MAT2B/PSMA4/USP25/WDR48/ARRB1/USP4/SKP2/TADA3/PSMD7/PTEN"
"REACTOME_RESPONSE_OF_EIF2AK4_GCN2_TO_AMINO_ACID_DEFICIENCY","REACTOME_RESPONSE_OF_EIF2AK4_GCN2_TO_AMINO_ACID_DEFICIENCY",29,0.68792798114084,1.7075632260561,0.000663897275072176,0.0127962945371755,0.00923564011142718,1234,"tags=55%, list=19%, signal=45%","RPL5/RPL12/RPL30/EIF2S1/RPL26L1/RPS20/RPS25/RPS27A/RPS19/RPL11/RPS3/RPLP2/RPS4X/RPS14/EIF2AK4/RPS12"
"REACTOME_OXIDATIVE_STRESS_INDUCED_SENESCENCE","REACTOME_OXIDATIVE_STRESS_INDUCED_SENESCENCE",38,0.667703231158995,1.74448435667797,0.000695121627196247,0.0128463675508518,0.00927177997459344,1180,"tags=42%, list=19%, signal=34%","RBBP4/EED/MAPK14/H2BC26/MAPK10/H3C1/MAPKAPK3/H2BC21/RPS27A/MAPK3/H2BC12/MAP2K4/UBB/CDKN2D/AGO3/AGO1"
"REACTOME_SARS_COV_1_HOST_INTERACTIONS","REACTOME_SARS_COV_1_HOST_INTERACTIONS",56,0.614236407875648,1.70937679176545,0.000705700760677512,0.0128463675508518,0.00927177997459344,1035,"tags=45%, list=16%, signal=38%","NMI/RIGI/UBE2I/KPNB1/KPNA2/IFIH1/HNRNPA1/PYCARD/RPS20/RPS25/PPIH/YWHAB/RPS27A/PPIA/YWHAZ/RPS19/YWHAG/EEF1A1/RPS3/UBB/RCAN3/SFN/SERPINE1/NFKB1/RPS4X"
"REACTOME_KEAP1_NFE2L2_PATHWAY","REACTOME_KEAP1_NFE2L2_PATHWAY",75,0.569950274183118,1.65048453283137,0.00069594516381636,0.0128463675508518,0.00927177997459344,1115,"tags=43%, list=18%, signal=36%","PGD/HMOX1/PSMB2/PSMA2/IDH1/NQO1/NOTCH1/TRIM21/GSR/CCL2/CREBBP/G6PD/TALDO1/CSNK2A1/VCP/PSMA7/RPS27A/PSMB1/PSMD11/TXNRD1/GCLM/AKT3/PSMC3/UBB/PSMB4/PSMA4/TKT/MAP1LC3B/NFKB1/CSNK2A2/SKP2/PSMD7"
"REACTOME_COMMON_PATHWAY_OF_FIBRIN_CLOT_FORMATION","REACTOME_COMMON_PATHWAY_OF_FIBRIN_CLOT_FORMATION",18,0.792484002603358,1.7906794976506,0.000770592784647858,0.0135266554876579,0.00976277324911009,913,"tags=72%, list=14%, signal=62%","FGG/F5/SERPINA5/F13B/SERPINC1/CD177/F10/PRTN3/SERPIND1/F8/SERPINE2/PROC/PROS1"
"REACTOME_PROCESSING_OF_CAPPED_INTRON_CONTAINING_PRE_MRNA","REACTOME_PROCESSING_OF_CAPPED_INTRON_CONTAINING_PRE_MRNA",93,0.544564569152883,1.6185795454313,0.000764004004100331,0.0135266554876579,0.00976277324911009,1130,"tags=37%, list=18%, signal=30%","NXT1/EIF4E/YBX1/DDX39B/SRRT/TRA2B/SNRPA/GTF2F2/NUDT21/HNRNPF/HNRNPA2B1/MAGOHB/HNRNPA1/PRPF19/SLBP/MAGOH/RBM39/HSPA8/PPIH/PPIL2/HNRNPD/NCBP1/SNRPF/SF3B6/THOC1/HNRNPK/SRSF7/PUF60/SNRPA1/PCBP1/POLR2E/CSTF1/RBM17/HNRNPM"
"REACTOME_RMTS_METHYLATE_HISTONE_ARGININES","REACTOME_RMTS_METHYLATE_HISTONE_ARGININES",11,0.838384533446578,1.70883996302056,0.000825265408509476,0.0142322087116634,0.0102720015759074,697,"tags=73%, list=11%, signal=65%","H2AC1/WDR5/H3C1/H2AC11/PRMT1/H2AC25/ARID1A/PBRM1"
"REACTOME_ESTROGEN_DEPENDENT_GENE_EXPRESSION","REACTOME_ESTROGEN_DEPENDENT_GENE_EXPRESSION",49,0.626703177944572,1.708838698084,0.000879885848768386,0.0149125480920573,0.0107630319794899,1383,"tags=49%, list=22%, signal=39%","SMC3/HSP90AA1/H2BC26/FKBP4/HSP90AB1/GTF2F2/CREBBP/H3C1/PRMT1/H2BC21/KPNA2/H2BC12/TFF3/CTSD/PGR/TBP/USF1/POLR2E/KDM1A/AGO3/AGO1/GTF2A2/NCOA2/AGO2"
"REACTOME_DEUBIQUITINATION","REACTOME_DEUBIQUITINATION",129,0.504284986777723,1.55315599215141,0.000918902000833382,0.0153098418104952,0.0110497760671133,1704,"tags=38%, list=27%, signal=28%","RIGI/PSMB2/PSMA2/IDE/H2AC1/H2BC26/RHOA/H2AC11/USP14/H2BC21/H2AC25/IFIH1/VCP/CYLD/PSMA7/VCPIP1/RPS27A/RHOT1/PSMB1/H2BC12/PSMD11/PSMC3/UBB/PSMB4/MAT2B/PSMA4/STAMBPL1/INO80E/USP25/WDR48/ARRB1/USP4/SKP2/TADA3/PSMD7/PTEN/SMURF2/CCNA2/KAT2A/TGFB1/USP3/RIPK2/NEDD8/OTUD5/TNFAIP3/MUL1/ZRANB1/PSMC5/PSMD6"
"REACTOME_REGULATION_OF_ENDOGENOUS_RETROELEMENTS","REACTOME_REGULATION_OF_ENDOGENOUS_RETROELEMENTS",18,0.786959558575915,1.77819658490616,0.00102086543619466,0.0167251787296559,0.0120712860350036,1077,"tags=67%, list=17%, signal=56%","RBBP4/HDAC2/H2BC26/BCL7A/H3C1/UBE2I/H2BC21/SUMO2/H2BC12/ARID1A/TRIM28/EHMT2"
"REACTOME_MODULATION_OF_HOST_RESPONSES_BY_IFN_STIMULATED_GENES","REACTOME_MODULATION_OF_HOST_RESPONSES_BY_IFN_STIMULATED_GENES",11,0.832882573078908,1.69762557466278,0.00107492033826246,0.0173220769264262,0.0125020933216376,631,"tags=64%, list=10%, signal=57%","ISG15/UBA7/FKBP5/RIGI/IFIH1/HSPA5/UBE2L6"
"REACTOME_PLASMA_LIPOPROTEIN_CLEARANCE","REACTOME_PLASMA_LIPOPROTEIN_CLEARANCE",21,0.746534446325971,1.73785939828745,0.00120803567516244,0.0191532107852367,0.0138237019534717,800,"tags=48%, list=13%, signal=42%","APOE/APOA1/PCSK9/CLTC/APOC1/APOB/RPS27A/AP2A2/AP2B1/UBB"
"REACTOME_PTEN_REGULATION","REACTOME_PTEN_REGULATION",58,0.608079145687681,1.70625402278436,0.00128698558921614,0.020081060860309,0.0144933715477306,1180,"tags=40%, list=19%, signal=33%","RBBP4/HDAC2/PML/EED/PSMB2/PSMA2/CSNK2A1/PSMA7/RPS27A/PSMB1/MAPK3/PSMD11/AKT3/PSMC3/UBB/PSMB4/PSMA4/CSNK2A2/KDM1A/PSMD7/AGO3/PTEN/AGO1"
"REACTOME_AMYLOID_FIBER_FORMATION","REACTOME_AMYLOID_FIBER_FORMATION",38,0.656339343049642,1.71479433255843,0.00132159119662367,0.0202988147856417,0.0146505339888874,801,"tags=42%, list=13%, signal=37%","SAA1/APCS/APOE/APOA1/APOA4/B2M/H2BC26/TGFBI/H3C1/H2BC21/LYZ/RPS27A/H2BC12/UBE2L6/UBB/HSPG2"
"REACTOME_ONCOGENIC_MAPK_SIGNALING","REACTOME_ONCOGENIC_MAPK_SIGNALING",42,0.627466061273957,1.67157211268026,0.00135894069929435,0.0205513647293284,0.0148328102238768,596,"tags=26%, list=9%, signal=24%","FGG/VWF/PAPSS1/FN1/CAMK2D/PPP1CC/SRC/YWHAB/CAMK2B/MAPK3/CSK"
"REACTOME_DEVELOPMENTAL_CELL_LINEAGES_OF_THE_EXOCRINE_PANCREAS","REACTOME_DEVELOPMENTAL_CELL_LINEAGES_OF_THE_EXOCRINE_PANCREAS",50,-0.539454370093975,-1.73600390942488,0.00154732678837311,0.022701824372698,0.0163848901078315,329,"tags=22%, list=5%, signal=21%","SOX9/CPB1/COL11A2/PLA2G1B/SHH/REG1A/PNLIP/PRSS1/AMY2A/CEL/RNASE1"
"REACTOME_SIGNALING_BY_RHO_GTPASES_MIRO_GTPASES_AND_RHOBTB3","REACTOME_SIGNALING_BY_RHO_GTPASES_MIRO_GTPASES_AND_RHOBTB3",272,0.436705396963047,1.4076641905518,0.00154374424698047,0.022701824372698,0.0163848901078315,1330,"tags=32%, list=21%, signal=27%","SHMT2/S100A8/HSP90AA1/MAPK14/DDX39B/H2BC26/TRA2B/S100A9/ACTN1/RHOA/HSP90AB1/CFL1/VAV3/H3C1/ELMO2/ARHGAP30/CLTC/H2BC21/CDC42/RHOQ/VIM/STMN2/VCP/STIP1/RAB7A/PRKCB/ARHGAP25/PPP1CC/RANGAP1/ARPC1B/ARPC3/SRC/TOR1AIP1/EFHD2/YWHAB/VAV1/HMOX2/RHOT1/MAPK3/YWHAZ/H2BC12/ARHGDIB/CSK/MFN1/YWHAG/ZW10/MCAM/DDRGK1/SENP1/NCF1/ARPC2/DEF6/GRB2/LCK/WASL/MAPRE1/KLC1/ARHGAP45/SFN/PFN1/FNBP1/TRIP10/BASP1/RHOB/COPS2/DOCK2/TPM4/TMOD3/ARHGEF1/MAD1L1/FAF2/ZAP70/ABL2/TMPO/KDM1A/OSBPL11/SWAP70/ARHGDIA/SKA1/ARHGEF2/PPP2R1A/DSG1/SPC25/OPHN1/MYL9/KDM4C/NCOA2/SHKBP1"
"REACTOME_SIGNALING_BY_NOTCH","REACTOME_SIGNALING_BY_NOTCH",94,0.533128087479431,1.58860559500358,0.00159504112090355,0.0230577267918851,0.0166417603016872,1438,"tags=38%, list=23%, signal=30%","GZMB/STAT1/HDAC2/PSMB2/ELANE/PSMA2/NOTCH1/YBX1/H2BC26/CREBBP/H3C1/H2BC21/PSMA7/RPS27A/PSMB1/YWHAZ/H2BC12/PSMD11/HES1/FCER2/PSMC3/UBB/PSMB4/POFUT1/PSMA4/ARRB1/DLL1/PSMD7/AGO3/AGO1/HES5/FLT4/DLK1/AGO2/KAT2A/HDAC8"
"REACTOME_INTEGRIN_CELL_SURFACE_INTERACTIONS","REACTOME_INTEGRIN_CELL_SURFACE_INTERACTIONS",59,0.591649601463342,1.662882256414,0.00163014244727678,0.0232236235604794,0.0167614951863395,1179,"tags=39%, list=19%, signal=32%","COL3A1/FGG/VWF/TNC/ICAM1/FN1/AGRN/VTN/ITGB7/COMP/COL1A1/VCAM1/THBS1/HSPG2/MADCAM1/COL6A3/IBSP/COL2A1/COL9A3/COL5A1/COL18A1/SPP1/LUM"
"REACTOME_HCMV_EARLY_EVENTS","REACTOME_HCMV_EARLY_EVENTS",26,0.703334178237956,1.71052358973533,0.0017786823852989,0.0246259828837862,0.0177736386611039,997,"tags=46%, list=16%, signal=39%","RBBP4/PML/EED/H2AC1/H2BC26/H3C1/H2AC11/H2BC21/H2AC25/H2BC12/TRIM28/NFKB1"
"REACTOME_TRANSCRIPTIONAL_REGULATION_BY_RUNX1","REACTOME_TRANSCRIPTIONAL_REGULATION_BY_RUNX1",89,0.545595736058176,1.60912346515709,0.00175653383382023,0.0246259828837862,0.0177736386611039,1180,"tags=38%, list=19%, signal=32%","CR1/PML/PSMB2/PSMA2/RBBP5/WDR5/H2BC26/SPI1/SERPINB13/CREBBP/H3C1/PRMT1/H2BC21/CSNK2A1/PRKCB/SRC/PSMA7/RPS27A/PSMB1/H2BC12/PSMD11/ARID1A/PBRM1/PSMC3/THBS1/UBB/PSMB4/PSMA4/CSNK2A2/PSMD7/AGO3/PTPN11/LGALS3/AGO1"
"REACTOME_DEVELOPMENTAL_CELL_LINEAGES","REACTOME_DEVELOPMENTAL_CELL_LINEAGES",72,-0.483187995731962,-1.65418102697738,0.00182246214269826,0.024881670642672,0.0179581795932547,550,"tags=21%, list=9%, signal=19%","KLK7/KRT1/YAP1/SOX9/CPB1/COL11A2/LRIG1/PLA2G1B/SHH/REG1A/PNLIP/PRSS1/AMY2A/CEL/RNASE1"
"REACTOME_TOLL_LIKE_RECEPTOR_TLR1_TLR2_CASCADE","REACTOME_TOLL_LIKE_RECEPTOR_TLR1_TLR2_CASCADE",66,0.584599271596941,1.66779407855118,0.00187809578861528,0.0249482183812002,0.0180062099790426,1014,"tags=29%, list=16%, signal=24%","TIFA/SAA1/FGG/S100A8/S100A12/MAPK14/S100A9/MAPK10/MAPKAPK3/USP14/RPS27A/MAPK3/MAP2K4/NKIRAS1/UBB/CD14/TLR2/NFKB1/TLR1"
"REACTOME_CLASS_I_MHC_MEDIATED_ANTIGEN_PROCESSING_PRESENTATION","REACTOME_CLASS_I_MHC_MEDIATED_ANTIGEN_PROCESSING_PRESENTATION",156,0.474284774849161,1.48271737848252,0.00186301789307201,0.0249482183812002,0.0180062099790426,1576,"tags=38%, list=25%, signal=30%","FGG/DTX3L/S100A8/UBA7/PSMB2/PSMA2/UBA1/TRIM21/ERAP1/B2M/UBA6/PSME2/S100A9/FCGR1A/PSMB10/PDIA3/HSPA5/PSMA7/RPS27A/PSMB1/HECW2/PSMD11/UBE2L6/UBE2D4/NCF1/PSMC3/UBB/PSMB4/CD14/HERC1/PSMA4/TLR2/UBE2D2/TLR1/MRC2/PSME1/SKP2/HERC5/RNF41/PSMD7/KLHL2/HMGB1/LRSAM1/UBE2W/PSMB9/UBE2R2/UBE3A/UBE2G1/SMURF2/ERAP2/NCF2/ANAPC10/CALR/CTSS/SIAH1/CD36/UBE2D3/CUL3/UBE2E1/SEC13"
"REACTOME_SIGNALING_BY_ALK_IN_CANCER","REACTOME_SIGNALING_BY_ALK_IN_CANCER",57,0.591176590779847,1.6565826876378,0.00190496061784124,0.0249676838311725,0.0180202590375438,1407,"tags=46%, list=22%, signal=36%","GZMB/STAT1/NOTCH1/FN1/CLTC/PRKAR1A/STAT3/RRBP1/RPS27A/MAPK3/ATIC/PPM1B/GRB2/UBB/KLC1/TPM4/STAT5A/PLCG1/ZAP70/IL10/AGO3/SHC1/AGO1/EEF1G/AGO2/IL22"
"REACTOME_REGULATION_OF_ENDOGENOUS_RETROELEMENTS_BY_KRAB_ZFP_PROTEINS","REACTOME_REGULATION_OF_ENDOGENOUS_RETROELEMENTS_BY_KRAB_ZFP_PROTEINS",12,0.8230243673759,1.71146385653421,0.00194764263785552,0.0251912199080523,0.0181815947079587,907,"tags=75%, list=14%, signal=64%","RBBP4/HDAC2/H2BC26/H3C1/UBE2I/H2BC21/SUMO2/H2BC12/TRIM28"
"REACTOME_DNA_REPLICATION","REACTOME_DNA_REPLICATION",58,0.595347997454478,1.67053075708512,0.00215297444294467,0.0274845008710704,0.0198367549254179,1115,"tags=38%, list=18%, signal=32%","PCNA/PSMB2/PSMA2/H2BC26/H3C1/H2BC21/KPNB1/PSMA7/RPS27A/PSMB1/H2BC12/PSMD11/KPNA6/PSMC3/CDK2/UBB/PSMB4/RNASEH1/PSMA4/SKP2/EXOG/PSMD7"
"REACTOME_FC_EPSILON_RECEPTOR_FCERI_SIGNALING","REACTOME_FC_EPSILON_RECEPTOR_FCERI_SIGNALING",71,0.558510258141569,1.61227527835523,0.00218086578631078,0.0274845008710704,0.0198367549254179,1890,"tags=51%, list=30%, signal=36%","PSMB2/PSMA2/LYN/VAV3/MAPK10/PSMA7/VAV1/RPS27A/PSMB1/MAPK3/IGHE/PSMD11/MAP2K4/PSMC3/GRB2/UBB/PSMB4/PSMA4/UBE2D2/NFKB1/PPP3R1/PLCG1/PSMD7/SHC1/SYK/NRAS/FYN/PLCG2/MAPK9/PSMC5/PSMD6/PIK3R1/BTK/AHCYL1/TAB1/MAPK1"
"REACTOME_DNA_REPAIR","REACTOME_DNA_REPAIR",121,0.500591613550167,1.53052112075301,0.00221524913246122,0.0275644290785998,0.0198944425753346,1107,"tags=30%, list=17%, signal=25%","ISG15/PCNA/UBA7/MPG/H2BC26/ADPRS/APEX1/UBE2I/H2BC21/KPNA2/PRPF19/VCP/RAD1/SUMO2/SUMO3/RPS27A/H2BC12/UBE2L6/MGMT/PNKP/XRCC4/CDK2/UBB/CHEK1/TDP1/CHEK2/OGG1/INO80E/COPS2/RAD51C/NEIL1/POLR2E/MRE11/WDR48/EYA2/CETN2"
"REACTOME_NEGATIVE_REGULATORS_OF_DDX58_IFIH1_SIGNALING","REACTOME_NEGATIVE_REGULATORS_OF_DDX58_IFIH1_SIGNALING",23,0.721161883117695,1.70950481683792,0.00232632245578611,0.028133997966296,0.0203055251156861,1089,"tags=43%, list=17%, signal=36%","ISG15/UBA7/RIGI/IFIH1/CYLD/RPS27A/UBE2L6/UBB/UBE2D2/HERC5"
"REACTOME_CELLULAR_RESPONSE_TO_STARVATION","REACTOME_CELLULAR_RESPONSE_TO_STARVATION",38,0.641325639624676,1.67556856647191,0.00235366662730261,0.028133997966296,0.0203055251156861,1234,"tags=47%, list=19%, signal=38%","RPL5/RPL12/RPL30/EIF2S1/RPL26L1/RPS20/RPS25/ATP6V1C2/RPS27A/RPS19/RPL11/RPS3/RPLP2/RPS4X/CASTOR1/RPS14/EIF2AK4/RPS12"
"REACTOME_TRNA_AMINOACYLATION","REACTOME_TRNA_AMINOACYLATION",24,0.700492213828146,1.67418103095664,0.00237550542340037,0.028133997966296,0.0203055251156861,1278,"tags=54%, list=20%, signal=43%","WARS1/YARS1/PPA1/GARS1/TARS1/HARS1/KARS1/AARS1/DARS1/NARS1/DARS2/EEF1E1/AIMP1"
"REACTOME_TOLL_LIKE_RECEPTOR_CASCADES","REACTOME_TOLL_LIKE_RECEPTOR_CASCADES",102,0.524554562158241,1.57241154859287,0.00235680469692237,0.028133997966296,0.0203055251156861,1216,"tags=27%, list=19%, signal=23%","TIFA/SAA1/FGG/S100A8/BPI/S100A12/MAPK14/LBP/HSP90B1/S100A9/MAPK10/MAPKAPK3/USP14/APOB/RPS27A/MAPK3/MAP2K4/NKIRAS1/UBB/CD14/TLR2/UBE2D2/NFKB1/TLR1/PTPN11/HMGB1/LY86/PPP2R1A"
"REACTOME_HATS_ACETYLATE_HISTONES","REACTOME_HATS_ACETYLATE_HISTONES",32,0.649400502193019,1.64113206229456,0.00242387983010711,0.0283651651547058,0.0204723684898771,1410,"tags=44%, list=22%, signal=34%","H2AC1/WDR5/H2BC26/CREBBP/H3C1/H2AC11/H2BC21/H2AC25/H2BC12/MORF4L2/TADA3/HAT1/NCOA2/KAT2A"
"REACTOME_POSITIVE_EPIGENETIC_REGULATION_OF_RRNA_EXPRESSION","REACTOME_POSITIVE_EPIGENETIC_REGULATION_OF_RRNA_EXPRESSION",16,0.761010563696173,1.68611403821995,0.00262295042680968,0.0302374245787708,0.0218236592237421,1084,"tags=62%, list=17%, signal=52%","RBBP4/HDAC2/H2BC26/H3C1/H2BC21/H2BC12/TBP/POLR2E/EHMT2/CBX3"
"REACTOME_INTERLEUKIN_1_SIGNALING","REACTOME_INTERLEUKIN_1_SIGNALING",60,0.584554229307032,1.64142074019471,0.00264539014626072,0.0302374245787708,0.0218236592237421,1162,"tags=37%, list=18%, signal=30%","TIFA/SAA1/IL1RN/PSMB2/PSMA2/S100A12/IL1R2/USP14/PSMA7/RPS27A/PSMB1/PSMD11/MAP2K4/PSMC3/NKIRAS1/UBB/PSMB4/IL1RAP/PSMA4/NFKB1/PSMD7/HMGB1"
"REACTOME_REGULATION_OF_MRNA_STABILITY_BY_PROTEINS_THAT_BIND_AU_RICH_ELEMENTS","REACTOME_REGULATION_OF_MRNA_STABILITY_BY_PROTEINS_THAT_BIND_AU_RICH_ELEMENTS",46,0.610672548174483,1.65025498881417,0.00276644295297177,0.0312576255490949,0.0225599824598061,1203,"tags=43%, list=19%, signal=35%","PSMB2/PSMA2/MAPK14/EIF4G1/PSMA7/HSPA8/YWHAB/RPS27A/PSMB1/YWHAZ/PSMD11/PSMC3/HNRNPD/UBB/PSMB4/EXOSC5/PSMA4/SET/PSMD7/EXOSC3"
"REACTOME_DNA_REPLICATION_PRE_INITIATION","REACTOME_DNA_REPLICATION_PRE_INITIATION",44,0.626563059356918,1.67844650748315,0.00304021645761912,0.0339605997481773,0.0245108360339149,891,"tags=39%, list=14%, signal=33%","PSMB2/PSMA2/H2BC26/H3C1/H2BC21/KPNB1/PSMA7/RPS27A/PSMB1/H2BC12/PSMD11/KPNA6/PSMC3/CDK2/UBB/PSMB4/PSMA4"
"REACTOME_EUKARYOTIC_TRANSLATION_INITIATION","REACTOME_EUKARYOTIC_TRANSLATION_INITIATION",36,0.651141805196309,1.68773553242199,0.00309466583849319,0.0341804103285259,0.0246694828520924,1234,"tags=53%, list=19%, signal=43%","RPL5/RPL12/EIF4E/RPL30/EIF2S1/EIF4G1/RPL26L1/RPS20/RPS25/RPS27A/RPS19/RPL11/RPS3/RPLP2/RPS4X/EIF4A2/EIF3G/RPS14/RPS12"
"REACTOME_SARS_COV_2_INFECTION","REACTOME_SARS_COV_2_INFECTION",139,0.480697176342718,1.49741473452855,0.00313470695130555,0.0342379659237039,0.0247110232184788,1241,"tags=32%, list=20%, signal=26%","ISG15/STAT1/RIGI/SMN1/B2M/IL17RA/HSP90AA1/G3BP2/HSP90AB1/CREBBP/UBE2I/PRMT1/ST3GAL2/RPN1/KPNA2/IFIH1/VCP/AGRN/GSK3A/RPS20/RPS25/YWHAB/RPS27A/YWHAZ/SRPK1/RPS19/YWHAG/CHMP6/RPS3/AKT3/UBB/HSPG2/GEMIN7/SNRPF/SFN/TLR2/MAP1LC3B/TLR1/RPS4X/PTPN11/RPS14/GALNT1/RPS12/ST6GAL1"
"REACTOME_THE_ROLE_OF_GTSE1_IN_G2_M_PROGRESSION_AFTER_G2_CHECKPOINT","REACTOME_THE_ROLE_OF_GTSE1_IN_G2_M_PROGRESSION_AFTER_G2_CHECKPOINT",31,0.664012846222437,1.66075347383378,0.00329486581775097,0.0355917922950462,0.0256881383593309,891,"tags=42%, list=14%, signal=36%","PSMB2/PSMA2/HSP90AA1/HSP90AB1/PSMA7/RPS27A/PSMB1/PSMD11/PSMC3/UBB/PSMB4/MAPRE1/PSMA4"
"REACTOME_RUNX1_REGULATES_TRANSCRIPTION_OF_GENES_INVOLVED_IN_DIFFERENTIATION_OF_HSCS","REACTOME_RUNX1_REGULATES_TRANSCRIPTION_OF_GENES_INVOLVED_IN_DIFFERENTIATION_OF_HSCS",37,0.641468680207264,1.66549725263693,0.00354050991693398,0.0378295787863707,0.0273032458125115,891,"tags=41%, list=14%, signal=35%","PSMB2/PSMA2/H2BC26/SPI1/H3C1/H2BC21/PSMA7/RPS27A/PSMB1/H2BC12/PSMD11/PSMC3/UBB/PSMB4/PSMA4"
"REACTOME_PLASMA_LIPOPROTEIN_REMODELING","REACTOME_PLASMA_LIPOPROTEIN_REMODELING",20,0.716744713829395,1.6427792079043,0.00377856054594807,0.0388631307410207,0.028049205032337,1140,"tags=60%, list=18%, signal=49%","APOE/APOA1/APOA4/ALB/LPL/APOB/ANGPTL3/CETP/APOF/ANGPTL4/APOC3/P4HB"
"REACTOME_CYTOSOLIC_SENSORS_OF_PATHOGEN_ASSOCIATED_DNA","REACTOME_CYTOSOLIC_SENSORS_OF_PATHOGEN_ASSOCIATED_DNA",32,0.638133370840783,1.61265833852965,0.00369842233965216,0.0388631307410207,0.028049205032337,1037,"tags=31%, list=16%, signal=26%","ZBP1/IFI16/TRIM21/CREBBP/RPS27A/NKIRAS1/UBB/NFKB1/POLR2E/MRE11"
"REACTOME_RESPIRATORY_SYNCYTIAL_VIRUS_INFECTION_PATHWAY","REACTOME_RESPIRATORY_SYNCYTIAL_VIRUS_INFECTION_PATHWAY",63,0.566046865196472,1.59885501018045,0.0037953820459186,0.0388631307410207,0.028049205032337,896,"tags=33%, list=14%, signal=29%","ISG15/RIGI/HSP90AA1/HSP90AB1/CREBBP/KPNB1/IFIH1/CSNK2A1/AGRN/PPP1CC/HSPA8/RPS27A/IGF1R/UBE2L6/CLEC4M/UBB/HSPG2/CD14/RAB5B/RAB5C/TLR2"
"REACTOME_MYD88_INDEPENDENT_TLR4_CASCADE","REACTOME_MYD88_INDEPENDENT_TLR4_CASCADE",64,0.554349079071993,1.57378042462922,0.00378931446907959,0.0388631307410207,0.028049205032337,1216,"tags=28%, list=19%, signal=23%","TIFA/SAA1/S100A12/MAPK14/MAPK10/MAPKAPK3/USP14/RPS27A/MAPK3/MAP2K4/NKIRAS1/UBB/CD14/UBE2D2/NFKB1/PTPN11/HMGB1/PPP2R1A"
"REACTOME_RNA_POLYMERASE_I_TRANSCRIPTION","REACTOME_RNA_POLYMERASE_I_TRANSCRIPTION",19,0.725932433019368,1.6563910336174,0.00384678312118548,0.0389833794652095,0.0281359937458384,1084,"tags=58%, list=17%, signal=48%","RBBP4/HDAC2/H2BC26/H3C1/H2BC21/MAPK3/H2BC12/TBP/POLR2E/EHMT2/CBX3"
"REACTOME_HOST_INTERACTIONS_OF_HIV_FACTORS","REACTOME_HOST_INTERACTIONS_OF_HIV_FACTORS",53,0.581892618150743,1.60209390694179,0.00388671476894873,0.0389861287538428,0.0281379780265461,986,"tags=40%, list=16%, signal=34%","PSMB2/PSMA2/B2M/APOBEC3G/KPNB1/RAN/RANGAP1/PSMA7/RPS27A/PSMB1/PPIA/PSMD11/AP2A2/PSMC3/PSIP1/AP2B1/UBB/PSMB4/LCK/PSMA4/DOCK2"
"REACTOME_CELL_CYCLE","REACTOME_CELL_CYCLE",219,0.43713126777564,1.39160037586092,0.00406385067201903,0.0403511637433808,0.0291231829127148,1736,"tags=40%, list=27%, signal=30%","RBBP4/PCNA/PSMB2/PSMA2/SMC3/HSP90AA1/LYN/H2BC26/HSP90AB1/RAB1B/H3C1/RAB1A/UBE2I/H2BC21/KPNB1/SSNA1/HSPA2/CSNK2A1/RAN/PRKCB/PPP1CC/RAD1/RANGAP1/SRC/PSMA7/YWHAB/RPS27A/PSMB1/MAPK3/YWHAZ/H2BC12/PSMD11/YWHAG/ZW10/CHMP6/AKT3/PSMC3/CDK2/UBB/LPIN1/PSMB4/TYMS/MAPRE1/SFN/CHEK1/PSMA4/CHEK2/RAB2A/RAD51C/SET/POLR2E/MRE11/CSNK2A2/MAD1L1/SKP2/TMPO/CDKN2D/CETN2/PSMD7/SKA1/PPP2R1A/FKBP6/SYNE2/SPC25/RAD51/CCNA2/DCTN2/KIF23/CEP43/ANAPC10/POLE3/HDAC8/CCNH/LCMT1/DMC1/AURKB/SIRT2/UBE2E1/SEC13/BUB1/NEK7/MAX/MNAT1/PSMC5/MAD2L1/PSMD6/TK1/NDC80"
"REACTOME_NEGATIVE_EPIGENETIC_REGULATION_OF_RRNA_EXPRESSION","REACTOME_NEGATIVE_EPIGENETIC_REGULATION_OF_RRNA_EXPRESSION",17,0.72366943784786,1.61820794324607,0.00411797411513995,0.0404796855518257,0.0292159426695192,1018,"tags=53%, list=16%, signal=45%","HDAC2/H2BC26/H3C1/H2BC21/SAP30/H2BC12/SIRT1/TBP/POLR2E"
"REACTOME_DISEASES_OF_HEMOSTASIS","REACTOME_DISEASES_OF_HEMOSTASIS",15,0.760397165862987,1.66554316802908,0.00428968639412716,0.0409394342274466,0.0295477632053317,666,"tags=53%, list=10%, signal=48%","SERPING1/VWF/F11/F10/F8/ADAMTS13/F9/COL1A1"
"REACTOME_G2_M_CHECKPOINTS","REACTOME_G2_M_CHECKPOINTS",58,0.58108494559019,1.63050901025626,0.00423051580720676,0.0409394342274466,0.0295477632053317,1115,"tags=40%, list=18%, signal=33%","PSMB2/PSMA2/H2BC26/H2BC21/RAD1/PSMA7/YWHAB/RPS27A/PSMB1/YWHAZ/H2BC12/PSMD11/YWHAG/PSMC3/CDK2/UBB/PSMB4/SFN/CHEK1/PSMA4/CHEK2/MRE11/PSMD7"
"REACTOME_PROTEIN_PROTEIN_INTERACTIONS_AT_SYNAPSES","REACTOME_PROTEIN_PROTEIN_INTERACTIONS_AT_SYNAPSES",55,-0.488624714941364,-1.59690531720892,0.00427232208883885,0.0409394342274466,0.0295477632053317,703,"tags=27%, list=11%, signal=24%","LIN7C/SHANK1/HOMER1/EPB41L1/DLG2/CASK/HOMER2/SLITRK6/LRFN4/PTPRS/DLG4/SYT1/DLGAP4/SLITRK5/NRXN3"
"REACTOME_SIGNALING_BY_NOTCH4","REACTOME_SIGNALING_BY_NOTCH4",42,0.601677531143132,1.6028713646172,0.00438508133737535,0.0414474514869227,0.0299144212691395,1275,"tags=40%, list=20%, signal=33%","PSMB2/PSMA2/NOTCH1/CREBBP/PSMA7/RPS27A/PSMB1/YWHAZ/PSMD11/HES1/PSMC3/UBB/PSMB4/PSMA4/PSMD7/HES5/FLT4"
"REACTOME_FCERI_MEDIATED_NF_KB_ACTIVATION","REACTOME_FCERI_MEDIATED_NF_KB_ACTIVATION",42,0.600502948524551,1.5997422717938,0.00448531068923813,0.0416108778269739,0.0300323731384917,1115,"tags=36%, list=18%, signal=30%","PSMB2/PSMA2/LYN/PSMA7/RPS27A/PSMB1/IGHE/PSMD11/PSMC3/UBB/PSMB4/PSMA4/UBE2D2/NFKB1/PSMD7"
"REACTOME_ESR_MEDIATED_SIGNALING","REACTOME_ESR_MEDIATED_SIGNALING",89,0.527316887511146,1.55521372545571,0.00448703260392598,0.0416108778269739,0.0300323731384917,1387,"tags=39%, list=22%, signal=31%","FKBP5/MMP2/SMC3/HSP90AA1/H2BC26/FKBP4/MMP3/HSP90AB1/GTF2F2/CREBBP/H3C1/PRMT1/H2BC21/KPNA2/SRC/MMP9/MAPK3/IGF1R/H2BC12/TFF3/CTSD/PGR/AKT3/SPHK1/TBP/USF1/POLR2E/KDM1A/AGO3/SHC1/AGO1/GTF2A2/NCOA2/AGO2/NRAS"
"REACTOME_NUCLEAR_EVENTS_MEDIATED_BY_NFE2L2","REACTOME_NUCLEAR_EVENTS_MEDIATED_BY_NFE2L2",58,0.578261764014863,1.62258723731911,0.00461730179041102,0.0424187631773274,0.0306154589939698,903,"tags=40%, list=14%, signal=34%","PGD/HMOX1/PSMB2/PSMA2/IDH1/NQO1/NOTCH1/GSR/CCL2/CREBBP/G6PD/TALDO1/PSMA7/RPS27A/PSMB1/PSMD11/TXNRD1/GCLM/PSMC3/UBB/PSMB4/PSMA4/TKT"
"REACTOME_DEADENYLATION_DEPENDENT_MRNA_DECAY","REACTOME_DEADENYLATION_DEPENDENT_MRNA_DECAY",22,0.702616451014739,1.65178605855307,0.00473520657049568,0.0427037436586904,0.0308211417529125,1644,"tags=73%, list=26%, signal=54%","EIF4E/DCPS/EIF4G1/CNOT1/DDX6/CNOT9/EDC4/EXOSC5/EIF4A2/EXOSC3/EIF4A1/EIF4B/EXOSC8/EIF4A3/LSM4/LSM3"
"REACTOME_ACTIVATION_OF_ANTERIOR_HOX_GENES_IN_HINDBRAIN_DEVELOPMENT_DURING_EARLY_EMBRYOGENESIS","REACTOME_ACTIVATION_OF_ANTERIOR_HOX_GENES_IN_HINDBRAIN_DEVELOPMENT_DURING_EARLY_EMBRYOGENESIS",28,0.664360198645791,1.63733736297344,0.00471309333463104,0.0427037436586904,0.0308211417529125,623,"tags=36%, list=10%, signal=32%","RBBP4/EED/RBBP5/WDR5/H2BC26/CREBBP/H3C1/H2BC21/H2BC12/CNOT9"
"REACTOME_REVERSIBLE_HYDRATION_OF_CARBON_DIOXIDE","REACTOME_REVERSIBLE_HYDRATION_OF_CARBON_DIOXIDE",11,-0.783642423432437,-1.76974312929572,0.00483630036157073,0.0431430604266263,0.031138215695825,400,"tags=36%, list=6%, signal=34%","CA5B/CA1/CA3/CA6"
"REACTOME_ABC_FAMILY_PROTEINS_MEDIATED_TRANSPORT","REACTOME_ABC_FAMILY_PROTEINS_MEDIATED_TRANSPORT",32,0.627329029770767,1.58535415492941,0.00487169858327113,0.0431430604266263,0.031138215695825,1115,"tags=47%, list=18%, signal=39%","APOA1/PSMB2/PSMA2/EIF2S1/VCP/PSMA7/RPS27A/PSMB1/PSMD11/PSMC3/UBB/PSMB4/PSMA4/ERLEC1/PSMD7"
"REACTOME_SIGNALING_BY_THE_B_CELL_RECEPTOR_BCR","REACTOME_SIGNALING_BY_THE_B_CELL_RECEPTOR_BCR",64,0.549886601198184,1.5611115836619,0.0050295120176618,0.0437523036580668,0.0315779329287755,1816,"tags=50%, list=29%, signal=36%","PSMB2/PSMA2/IGHM/LYN/PRKCB/PSMA7/VAV1/RPS27A/PSMB1/PPIA/PSMD11/DAPP1/PSMC3/GRB2/UBB/PSMB4/PSMA4/NFKB1/PPP3R1/PSMD7/SYK/NRAS/FYN/NFKBIE/PLCG2/CD22/PSMC5/PSMD6/PIK3R1/BTK/AHCYL1/PTPN6"
"REACTOME_NERVOUS_SYSTEM_DEVELOPMENT","REACTOME_NERVOUS_SYSTEM_DEVELOPMENT",282,0.414371682523288,1.33980761397736,0.00500181247078677,0.0437523036580668,0.0315779329287755,1234,"tags=30%, list=19%, signal=25%","COL3A1/HDAC2/RPL5/PSMB2/RPL12/PSMA2/MMP2/SEMA4A/HSP90AA1/RPL30/LYN/SEMA4D/RHOA/HSP90AB1/CFL1/VAV3/EIF4G1/CLTC/CDC42/RPL26L1/MAGOHB/CSNK2A1/AGRN/CAP1/RPS20/ARPC1B/ARPC3/SRC/MAGOH/RPS25/DPYSL3/PSMA7/HSPA8/MMP9/AGAP2/RPS27A/PSMB1/MAPK3/PSMD11/RPS19/LAMC1/NCAM1/AP2A2/RPL11/PLXNC1/ARPC2/FGFR1/RPS3/RPLP2/PSMC3/GFRA2/AP2B1/GRB2/EZR/NCBP1/UBB/PSMB4/WASL/PFN1/PSMA4/EPHA10/NTN4/RHOB/NCAN/COL6A3/RDX/COL2A1/COL9A3/RPS4X/SEMA7A/CSNK2A2/PLCG1/ABL2/COL5A1/SLIT3/PSMD7/RELN/PTPN11/DPYSL2/RPS14/SHC1/YES1/SCN4B/GRB10/RPS12"
"REACTOME_FORMATION_OF_THE_BETA_CATENIN_TCF_TRANSACTIVATING_COMPLEX","REACTOME_FORMATION_OF_THE_BETA_CATENIN_TCF_TRANSACTIVATING_COMPLEX",16,0.737931517052769,1.63497952525712,0.00548425798564145,0.0451333096024922,0.0325746647449588,591,"tags=38%, list=9%, signal=34%","RBBP5/H2BC26/CREBBP/H3C1/H2BC21/H2BC12"
"REACTOME_VLDLR_INTERNALISATION_AND_DEGRADATION","REACTOME_VLDLR_INTERNALISATION_AND_DEGRADATION",10,0.806656016759752,1.61323283745578,0.00539154446868116,0.0451333096024922,0.0325746647449588,800,"tags=60%, list=13%, signal=53%","PCSK9/CLTC/RPS27A/AP2A2/AP2B1/UBB"
"REACTOME_PLATELET_AGGREGATION_PLUG_FORMATION","REACTOME_PLATELET_AGGREGATION_PLUG_FORMATION",24,0.674661399111599,1.61244521268642,0.00546082098570282,0.0451333096024922,0.0325746647449588,1291,"tags=46%, list=20%, signal=37%","FGG/VWF/PTPN1/FN1/SRC/CSK/COL1A1/GRB2/SHC1/GP5/SYK"
"REACTOME_INTEGRIN_SIGNALING","REACTOME_INTEGRIN_SIGNALING",17,0.716025690723119,1.60111564714164,0.00539320211135954,0.0451333096024922,0.0325746647449588,791,"tags=41%, list=12%, signal=36%","FGG/VWF/PTPN1/FN1/SRC/CSK/GRB2"
"REACTOME_INTERLEUKIN_1_FAMILY_SIGNALING","REACTOME_INTERLEUKIN_1_FAMILY_SIGNALING",89,0.521885532827793,1.53919505138814,0.00553924753816382,0.0451333096024922,0.0325746647449588,1162,"tags=33%, list=18%, signal=27%","TIFA/SAA1/IL1RN/PSMB2/PSMA2/S100A12/IL18R1/IL1R2/USP14/STAT3/PSMA7/RPS27A/PSMB1/CTSG/PSMD11/PTPN2/MAP2K4/PSMC3/IL18BP/NKIRAS1/UBB/PSMB4/IL1RAP/PSMA4/IL36A/NFKB1/PSMD7/PTPN11/HMGB1"
"REACTOME_APOPTOSIS","REACTOME_APOPTOSIS",107,0.498734016967292,1.50637036126864,0.0052914856121043,0.0451333096024922,0.0325746647449588,1335,"tags=30%, list=21%, signal=24%","GZMB/PSMB2/PSMA2/CASP3/KPNB1/VIM/STAT3/PSMA7/YWHAB/RPS27A/PSMB1/MAPK3/YWHAZ/PSMD11/YWHAG/AKT3/PSMC3/UBB/PSMB4/CD14/SFN/PSMA4/PPP3R1/PSMD7/APAF1/HMGB1/NMT1/DAPK2/DIABLO/DSG1/DBNL/CFLAR"
"REACTOME_TRANSCRIPTIONAL_REGULATION_BY_TP53","REACTOME_TRANSCRIPTIONAL_REGULATION_BY_TP53",144,0.463170460062024,1.44352838538943,0.00555557524099853,0.0451333096024922,0.0325746647449588,1484,"tags=31%, list=23%, signal=24%","RBBP4/GPI/HDAC2/PCNA/PML/MAPK14/GSR/GTF2F2/CREBBP/PRMT1/G6PD/CSNK2A1/RAD1/CNOT1/YWHAB/RPS27A/PRDM1/YWHAZ/CNOT9/YWHAG/TXNRD1/AKT3/CDK2/UBB/TBP/SFN/CHEK1/CHEK2/IGFBP3/POLR2E/MRE11/CSNK2A2/EHMT2/AGO3/PTEN/APAF1/AGO1/PPP2R1A/CCNA2/CDK5R1/AGO2/CCNH/FAS/TNFRSF10D/AURKB"
"REACTOME_METABOLISM_OF_AMINO_ACIDS_AND_DERIVATIVES","REACTOME_METABOLISM_OF_AMINO_ACIDS_AND_DERIVATIVES",161,0.460444766097923,1.44056733921323,0.00530513555845631,0.0451333096024922,0.0325746647449588,823,"tags=27%, list=13%, signal=24%","PSAT1/IDO1/RPL5/PAPSS1/PSMB2/RPL12/PSMA2/NQO1/RPL30/SHMT1/DCT/GSR/DLD/GLUL/KARS1/RPL26L1/AHCY/RPS20/KYAT3/RPS25/QDPR/PSMA7/DARS1/FAH/GOT2/RPS27A/PSMB1/CKMT1A/ARG1/MTAP/PSMD11/BCAT2/PHGDH/HSD17B10/RPS19/TXNRD1/RPL11/CARNMT1/RPS3/RPLP2/PSMC3/MAT1A/PSMB4"
"REACTOME_MRNA_SPLICING","REACTOME_MRNA_SPLICING",80,0.518909065539161,1.51265512354451,0.00572230383466872,0.0461067595858963,0.033277245768479,1130,"tags=35%, list=18%, signal=29%","YBX1/DDX39B/SRRT/TRA2B/SNRPA/GTF2F2/HNRNPF/HNRNPA2B1/MAGOHB/HNRNPA1/PRPF19/MAGOH/RBM39/HSPA8/PPIH/PPIL2/HNRNPD/NCBP1/SNRPF/SF3B6/HNRNPK/SRSF7/PUF60/SNRPA1/PCBP1/POLR2E/RBM17/HNRNPM"
"REACTOME_SIGNALING_BY_KIT_IN_DISEASE","REACTOME_SIGNALING_BY_KIT_IN_DISEASE",17,0.712424902048722,1.59306387028039,0.00582037299209156,0.0461405375098872,0.0333016247595052,1396,"tags=65%, list=22%, signal=51%","STAT1/LYN/STAT3/SRC/KIT/GRB2/LCK/STAT5A/YES1/NRAS/FYN"
"REACTOME_UCH_PROTEINASES","REACTOME_UCH_PROTEINASES",40,0.588378933737905,1.54326657715785,0.00581696994009109,0.0461405375098872,0.0333016247595052,948,"tags=35%, list=15%, signal=30%","PSMB2/PSMA2/H2AC1/H2AC11/H2AC25/PSMA7/RPS27A/PSMB1/PSMD11/PSMC3/UBB/PSMB4/PSMA4/INO80E"
"REACTOME_RHO_GTPASE_CYCLE","REACTOME_RHO_GTPASE_CYCLE",176,0.441752183907101,1.39361322872807,0.00596626245041965,0.0469186879101001,0.0338632496133292,1137,"tags=29%, list=18%, signal=24%","SHMT2/HSP90AA1/DDX39B/TRA2B/ACTN1/RHOA/HSP90AB1/VAV3/ELMO2/ARHGAP30/CLTC/CDC42/RHOQ/VIM/STMN2/VCP/STIP1/RAB7A/ARHGAP25/SRC/TOR1AIP1/EFHD2/VAV1/HMOX2/ARHGDIB/CSK/MCAM/DDRGK1/SENP1/NCF1/DEF6/GRB2/LCK/WASL/ARHGAP45/FNBP1/TRIP10/BASP1/RHOB/COPS2/DOCK2/TPM4/TMOD3/ARHGEF1/FAF2/ZAP70/ABL2/TMPO/OSBPL11/SWAP70/ARHGDIA"
"REACTOME_SIGNALING_BY_BRAF_AND_RAF1_FUSIONS","REACTOME_SIGNALING_BY_BRAF_AND_RAF1_FUSIONS",35,0.637238674143253,1.63675816511247,0.00601455620936956,0.0469230853477006,0.0338664234345454,596,"tags=29%, list=9%, signal=26%","FGG/VWF/PAPSS1/FN1/CAMK2D/SRC/YWHAB/CAMK2B/MAPK3/CSK"
"REACTOME_TERMINATION_OF_TRANSLESION_DNA_SYNTHESIS","REACTOME_TERMINATION_OF_TRANSLESION_DNA_SYNTHESIS",16,0.73210639028967,1.62207322871116,0.00612318163779703,0.0473943901571219,0.0342065845327409,800,"tags=38%, list=13%, signal=33%","ISG15/PCNA/UBA7/RPS27A/UBE2L6/UBB"
"REACTOME_RAB_GEFS_EXCHANGE_GTP_FOR_GDP_ON_RABS","REACTOME_RAB_GEFS_EXCHANGE_GTP_FOR_GDP_ON_RABS",37,0.624576230394646,1.62163801270626,0.0061945092827059,0.0475098405484424,0.0342899100815443,952,"tags=41%, list=15%, signal=35%","RAB21/RAB32/GDI2/RAB1B/RAB31/RAB1A/RAB8B/RAB7A/RAB14/AKT3/RAB27A/RAB5B/RAB5C/RAB18/TRAPPC6B"
"REACTOME_MITOTIC_G1_PHASE_AND_G1_S_TRANSITION","REACTOME_MITOTIC_G1_PHASE_AND_G1_S_TRANSITION",69,0.545410878585405,1.56447891888579,0.00623476035681492,0.0475098405484424,0.0342899100815443,1718,"tags=42%, list=27%, signal=31%","RBBP4/PCNA/PSMB2/PSMA2/LYN/SRC/PSMA7/RPS27A/PSMB1/PSMD11/AKT3/PSMC3/CDK2/UBB/PSMB4/TYMS/PSMA4/SKP2/CDKN2D/PSMD7/PPP2R1A/CCNA2/POLE3/CCNH/MAX/MNAT1/PSMC5/PSMD6/TK1"
"REACTOME_TOLL_LIKE_RECEPTOR_9_TLR9_CASCADE","REACTOME_TOLL_LIKE_RECEPTOR_9_TLR9_CASCADE",59,0.563377207685974,1.58342025417069,0.00639001651248921,0.0482661558853813,0.034835775624294,828,"tags=22%, list=13%, signal=19%","TIFA/SAA1/S100A12/MAPK14/MAPK10/MAPKAPK3/USP14/RPS27A/MAPK3/MAP2K4/NKIRAS1/UBB/CD14"
"REACTOME_IMMUNOREGULATORY_INTERACTIONS_BETWEEN_A_LYMPHOID_AND_A_NON_LYMPHOID_CELL","REACTOME_IMMUNOREGULATORY_INTERACTIONS_BETWEEN_A_LYMPHOID_AND_A_NON_LYMPHOID_CELL",108,0.490148656499127,1.48237437555552,0.00643221406000503,0.0482661558853813,0.034835775624294,864,"tags=23%, list=14%, signal=20%","COL3A1/SELL/LILRA5/LILRB1/B2M/LILRA1/ICAM1/C3/FCGR1A/SIGLEC5/LILRA3/TREML2/SIGLEC9/LILRA6/SH2D1A/LILRB2/SIGLEC7/ITGB7/CD8A/COL1A1/CD300A/VCAM1/LILRA2/CD300C/MADCAM1"
"REACTOME_DNA_DOUBLE_STRAND_BREAK_RESPONSE","REACTOME_DNA_DOUBLE_STRAND_BREAK_RESPONSE",23,0.690473794730152,1.63675910447269,0.00663663040457961,0.0494227855128921,0.0356705653324295,1090,"tags=43%, list=17%, signal=36%","H2BC26/UBE2I/H2BC21/KPNA2/RPS27A/H2BC12/UBB/CHEK2/MRE11/EYA2"
"REACTOME_FORMATION_OF_PARAXIAL_MESODERM","REACTOME_FORMATION_OF_PARAXIAL_MESODERM",32,0.621033583274436,1.56944462135698,0.0067156785110596,0.0496354283937713,0.0358240389113903,1115,"tags=41%, list=18%, signal=34%","PSMB2/PSMA2/NOTCH1/CREBBP/PSMA7/PSMB1/PSMD11/FGFR1/PSMC3/PSMB4/PSMA4/DLL1/PSMD7"
"REACTOME_SARS_COV_1_MODULATES_HOST_TRANSLATION_MACHINERY","REACTOME_SARS_COV_1_MODULATES_HOST_TRANSLATION_MACHINERY",15,0.748570167261418,1.63963778909888,0.00680102558977482,0.0498911056324526,0.0360085722506538,1234,"tags=67%, list=19%, signal=54%","HNRNPA1/RPS20/RPS25/RPS27A/RPS19/EEF1A1/RPS3/RPS4X/RPS14/RPS12"
"REACTOME_GRB2_SOS_PROVIDES_LINKAGE_TO_MAPK_SIGNALING_FOR_INTEGRINS","REACTOME_GRB2_SOS_PROVIDES_LINKAGE_TO_MAPK_SIGNALING_FOR_INTEGRINS",10,0.800490578502296,1.60090256625271,0.00686495159836462,0.0499870179347587,0.0360777963142125,791,"tags=50%, list=12%, signal=44%","FGG/VWF/FN1/SRC/GRB2"
